topic,group,mean_js_llm,mean_f1_llm,mean_cramer_llm,mean_js_diff,mean_f1_diff,mean_cramer_diff,llm_js_lower,llm_js_upper,rf_js_lower,rf_js_upper,diff_js_lower,diff_js_upper,diff_sig_js,llm_f1_score_lower,llm_f1_score_upper,rf_f1_score_lower,rf_f1_score_upper,diff_f1_score_lower,diff_f1_score_upper,diff_sig_f1_score,llm_cramer_v_lower,llm_cramer_v_upper,rf_cramer_v_lower,rf_cramer_v_upper,diff_cramer_v_lower,diff_cramer_v_upper,diff_sig_cramer_v
race_diversity,demo,0.37440613118067395,0.46039471065572674,0.16105524729706466,-0.1686291409661364,-0.10431963205842937,-0.0604374286169664,0.35699592681218784,0.3917586990369515,0.19348265872488285,0.21713281615319302,-0.19069393923100236,-0.14459505642751333,True,0.44287870108680866,0.4783462866447331,0.5478967748300849,0.5815418163397975,-0.12219471272043848,-0.08691571165511719,True,0.13878872745462717,0.1836400419232565,0.1900756622738378,0.252302034786829,-0.09305917383849306,-0.02917139231747063,True
race_diversity,demo+attit,0.2026639601248367,0.5727926032952935,0.26363547784419034,-0.021271092405993973,-0.06590121825322609,-0.1280022916065979,0.18633262133744138,0.22062818152737831,0.1692240455865768,0.19264761416003331,-0.048338984446046035,0.0030277544212937314,False,0.5568450869830146,0.5888382723995028,0.6230650765156495,0.6533784936253401,-0.08152932378986492,-0.05047450795639888,True,0.2434025844812814,0.28421279418001105,0.361827300402342,0.41998674215937315,-0.15200269217436826,-0.10351549846481435,True
race_diversity,demo+attit+moral,0.1862045498297765,0.5748618276799886,0.24416804558892488,-0.004677498040761517,-0.07930167824606937,-0.18651213278226236,0.16930062767319687,0.20287294444241438,0.17018967390595188,0.19288155637595675,-0.02827094829351629,0.01839670753876479,False,0.5566881479114666,0.5913923411358525,0.6394263145532174,0.6683994490308097,-0.09512140915236109,-0.06342691566229941,True,0.22005040601104475,0.2685910013587515,0.40156665300560723,0.46204460440088285,-0.21415936476275466,-0.16192226115785008,True
race_diversity,attit,0.07718728276470313,0.6045147697671742,0.2478192639873574,0.09574985500604614,-0.020991350786733264,-0.050399708960904795,0.06110066456486013,0.09338283269354414,0.15829878364272185,0.18593944663331213,0.07273892592228387,0.11872096881140033,True,0.5881638101050098,0.6212956826156398,0.6100890976589255,0.6412776126036122,-0.03626298146248726,-0.006465072262732023,True,0.22604754884405914,0.26899587543935904,0.26637865102103003,0.349693872530135,-0.09948768702660578,-0.01906241199793209,True
race_diversity,attit+moral,0.21384320545920724,0.5653404274510357,0.2026252214491842,-0.03710605800385329,-0.08686176211560881,-0.16942331678438885,0.19739866171460854,0.23000101543024354,0.16407358784216425,0.18914437149903834,-0.05721851706963687,-0.01673784183995647,True,0.5462867044601322,0.5833794096193563,0.6368094660606838,0.6679684242066489,-0.10398588055244484,-0.06966306975190824,True,0.17994381345426363,0.2256336910857289,0.3235140697148107,0.4389065307541648,-0.23765513184962708,-0.11778388004568015,True
race_diversity,demo+moral,0.28970652879751757,0.5271514966066155,0.2079252474727452,-0.11129506036921924,-0.11781674352209913,-0.17109493846955287,0.27367678611234497,0.30552005176852576,0.16650067753739184,0.19005044792464892,-0.1354160564311781,-0.08797268533290663,True,0.5081547225513036,0.5440109354464807,0.6292665616040888,0.6597598766528382,-0.13710059494820165,-0.10038353118776312,True,0.18393094024579687,0.2298762193380668,0.341397837307327,0.42574375684151977,-0.21834779427307208,-0.13191878703291193,True
race_diversity,moral,0.28343087665050953,0.5184279801474183,0.1736401446892274,-0.13074561395532525,-0.1182056794812001,-0.10040002368804912,0.2664781321660166,0.30019758098477733,0.13725918559466277,0.16742301309070973,-0.15499015295287488,-0.10768201903069091,True,0.5000494181604119,0.536712896110122,0.6201008561646751,0.6516151261630378,-0.13629387990855293,-0.09818293698367518,True,0.15097928032283017,0.19627821537023193,0.25144781684213424,0.2982831516756114,-0.1324325781390062,-0.07182200823759123,True
gender_role,demo,0.41594381244304734,0.5242338126969455,0.05287317367859852,-0.11503265875619272,-0.042793438457726686,-0.055600167366541164,0.40054224953359874,0.42914537542348613,0.2851444738240362,0.31576779410448574,-0.12696929652409106,-0.10199260035228032,True,0.506207801077184,0.5438489523530294,0.5487978588988047,0.585821856882554,-0.05405648196430579,-0.031323383642444476,True,0.03436280712387798,0.07432923746057618,0.07579812983001627,0.1420008876558698,-0.09411012347865172,-0.01725129358976003,True
gender_role,demo+attit,0.06448311720018088,0.6094967760262757,0.19935209898538897,0.18258405822822563,-0.0012666982351199735,-0.017042945605287164,0.04812447517549498,0.08076351077288303,0.23300493873912528,0.26185178384660257,0.16260422260923196,0.20238723737232858,True,0.5929023804100513,0.6253829384262876,0.5936117849928979,0.6289895606453662,-0.01631610272328902,0.012538572221873481,False,0.17623526000833487,0.22121734663598203,0.18332363110444036,0.2505170784009771,-0.04985977292963527,0.013881008956574773,False
gender_role,demo+attit+moral,0.13950038330156445,0.6314849663056339,0.18958718767400512,0.11581829085331617,0.018927006116395962,-0.034223405077261786,0.12344174161743454,0.1557971887089403,0.2400337755977419,0.27000342558439805,0.10020487444649902,0.1305822520392769,True,0.6149969182146952,0.6480295483453686,0.5945019399949055,0.6303282115727641,0.005435430714943674,0.03340210573209492,True,0.16566683245764188,0.21406831407033297,0.19057473495508115,0.257242691825354,-0.06510584404128361,-0.00024013497213406048,True
gender_role,attit,0.051122476749509704,0.6019644532486087,0.19200952078427916,0.1808617414594515,0.0009146638804164141,0.01542492852520793,0.03456783079580267,0.0679754957306092,0.2175166105311666,0.2463058897268928,0.15725085918037884,0.20441215424950054,True,0.5857738266937389,0.6187242872118414,0.5837946181441465,0.6183144732013416,-0.01330185379323972,0.015942038908645303,False,0.16906595166574767,0.2154492942788244,0.14299252270413118,0.2103596646898471,-0.016349429092415355,0.04547216606616735,False
gender_role,attit+moral,0.13118877441248178,0.6299936702463456,0.19042765139826576,0.10872978251943416,0.01311366405924959,-0.033894491586902484,0.11413557006557286,0.14873267250693006,0.22586335986776473,0.253891604549367,0.0948781153951523,0.12240638149157745,True,0.6131315027902361,0.6445262642847132,0.5982246732076905,0.6360746687616222,-0.001192155803050481,0.027497139531967692,False,0.16578510694359486,0.21777775033173738,0.18974934351346867,0.2604300388471735,-0.06769916531887525,-0.0005086510166477167,True
gender_role,demo+moral,0.13133509921915137,0.6069697269245645,0.15199081412718904,0.13734489995954954,0.015816419747615714,-0.015737204666445494,0.11374148506300312,0.14781339228967375,0.25306775993772873,0.28309612554467983,0.12260299717446496,0.1523052265661688,True,0.5909258607263984,0.6240606711750819,0.5731529918728197,0.610366667939319,-6.118750486103709e-05,0.030950221748230575,False,0.12941530455534306,0.17508856038729878,0.1336421572210056,0.200525414891812,-0.051329040327843946,0.02003591569153803,False
gender_role,moral,0.6091769132377579,0.2057009774623658,0.17260638983410143,-0.3635635076817275,-0.3898248251660657,0.006884539063972866,0.5946418642999541,0.6239167817152292,0.23148122990808767,0.26115916515641413,-0.3897758424895597,-0.33706544064166116,True,0.1916861700336662,0.22065830824968446,0.5787648292928917,0.6117350433382963,-0.4145748952283047,-0.3627625907416379,True,0.1531233616703482,0.19255193545639698,0.13250125453122508,0.19706082149561832,-0.027606154508277747,0.04066007825724863,False
current_economy,demo,0.5725677675487464,0.2944529876470702,0.04807507053600438,-0.3312830251009505,-0.11167256010654593,-0.0595595027578977,0.5601949802975025,0.5860018918990451,0.22334480980878393,0.25835345972472057,-0.3465928803903745,-0.31631480953796803,True,0.2760940145483823,0.31080050681153115,0.3891167681957537,0.4218310745297046,-0.126713903522438,-0.09628059744353415,True,0.03427219848876173,0.06575219844941671,0.08676131718900601,0.12917581724796723,-0.0846791561106487,-0.030626283594173423,True
current_economy,demo+attit,0.3123661066012344,0.39745297197770174,0.1528990729972491,-0.12709472982984668,-0.14644006507891555,-0.21125575452261205,0.2960553566311339,0.32825824957496247,0.16883712554185823,0.20300242370738747,-0.14804426804675877,-0.10497878058331012,True,0.3801932853171834,0.41703502763943645,0.5275098254776706,0.5619901509424887,-0.16688304669867282,-0.12443457331921058,True,0.127934327711396,0.1774831737370277,0.3437588847033195,0.3845804371260599,-0.23924528486005486,-0.18190804679978104,True
current_economy,demo+attit+moral,0.14165861447841493,0.4703378310025286,0.24403419965447268,0.036708373565831676,-0.08467821259757835,-0.12371426806939562,0.12698372089979748,0.15669666394731485,0.16069434755050857,0.19587837918517023,0.011724496302876366,0.06083188637025024,True,0.45454028783999745,0.48610697724443924,0.5373229924236882,0.5727828680831747,-0.10411546322664916,-0.06447419785424768,True,0.22083741979699464,0.26785287202516744,0.34667254895152994,0.3883836142733269,-0.14832501207826596,-0.10099782615204558,True
current_economy,attit,0.08043058653783162,0.5343817131387963,0.3184784256859184,0.08370842251917184,-0.012129751685190676,-0.040739074213166464,0.06375882247827905,0.09656963308541779,0.14684797002226854,0.18144704792489524,0.05437992541189376,0.11119276459857262,True,0.5182543087352044,0.5506837506786936,0.5302432245019009,0.5642404655804353,-0.029794743958242553,0.0056241669174706835,False,0.2962343661188654,0.3416100590345438,0.33842431318298394,0.37881194175405675,-0.06049560992538611,-0.019899313549541792,True
current_economy,attit+moral,0.41823663544891826,0.37221556591074145,0.34989228934405897,-0.2491453239623499,-0.18815236413370734,-0.022267201507607064,0.4019979984920293,0.4333741579395555,0.15286243985786918,0.18646768236993214,-0.27632409393317375,-0.22086348260946614,True,0.3548553559035401,0.38897438946638485,0.5432884596949429,0.5769437012048281,-0.21110306159264527,-0.16441478387124608,True,0.32887633610345396,0.3705756741182392,0.3525863521742206,0.3917959878476628,-0.038667756063790915,-0.006203830584802482,True
current_economy,demo+moral,0.33556484756548377,0.3937861566312617,0.15239621541411805,-0.16518570526880366,-0.12813547962133656,-0.1473435424853041,0.3194739834695959,0.35141497873930094,0.15256591225768742,0.18896303458796146,-0.1856761166343385,-0.14485421897063966,True,0.37506155009704967,0.41298385971733415,0.5045646077118954,0.5395510324414591,-0.1472788682129664,-0.10687712630215919,True,0.12912728794701306,0.17557897314452797,0.2783255817639286,0.32107265878442415,-0.17581615947416906,-0.11983749874595638,True
current_economy,moral,0.10640694966007004,0.5148885766957847,0.2928099858384576,0.04063836240745319,0.0035898827360846745,0.012541183190445239,0.08932099415353653,0.1231239664199457,0.12952002814060373,0.1639708680971954,0.008676593443077533,0.0712580343573431,True,0.49851508438642755,0.5303568020181518,0.49442267043328414,0.5275230535586315,-0.0129094446191626,0.020770767203012536,False,0.27184205223065855,0.3146366753464133,0.2589951825398041,0.30118075226610425,-0.007713443796796015,0.03164718660446871,False
drug_addiction,demo,0.40604683534282493,0.5788939058650648,0.05948392736811575,-0.022477894400683214,-0.0008874092707761523,0.01872822826699407,0.3941175396264535,0.41784290359132453,0.3694295793302269,0.397200295735317,-0.03089813107261985,-0.013735953109018725,True,0.5604809592123993,0.5985238506695341,0.5613275834820795,0.5988071582482889,-0.004840642184462068,0.0025536447193482714,False,0.04606148543503872,0.08329944106294981,0.020509879465210493,0.07109510865604876,-0.016291259573573618,0.048677573364616894,False
drug_addiction,demo+attit,0.15335688093576585,0.6120856623950385,0.1005426633229645,0.22331574724777112,0.029334035088773577,0.05402190417418257,0.1363628902314728,0.16991552146572864,0.36308818086840744,0.3902997831539537,0.20812632022335156,0.23740757079827746,True,0.595476235101948,0.628732985713798,0.564851223499714,0.6013920829492538,0.0168890417085056,0.041689662077763534,True,0.0716372235935772,0.1323061634209971,0.022185461784021202,0.07395357159192442,0.013939129906124163,0.09379571465228431,True
drug_addiction,demo+attit+moral,0.217950975972949,0.6156235605474971,0.0866842360988898,0.1383528488113758,0.02561095371358662,0.01693362819699042,0.20108294464745316,0.23522734731848158,0.34178073144472426,0.3700214514544275,0.12437020747273828,0.15243243477400165,True,0.5980582202638935,0.633027502902784,0.5720489560106029,0.6086379462227541,0.014097013886342033,0.03685410028821162,True,0.062357704707075065,0.1130311397367605,0.0381022087608231,0.10422938006001607,-0.021649418926313765,0.05492875155488697,False
drug_addiction,attit,0.11704480505634629,0.6021061746712985,0.10268879071426415,0.22782919730469545,0.01435314305349488,0.045232901628267756,0.09810576207468713,0.134374247679394,0.3297529436577962,0.35913589001258417,0.21160861298807457,0.2441170860190613,True,0.585087030312675,0.6191465219759389,0.5698197410178999,0.6072543691208488,0.0012281676639053127,0.029131608649533333,True,0.07737893777237052,0.12930305857897717,0.028237985129374286,0.09057800921210103,0.0022118080486773694,0.0848459464519676,True
drug_addiction,attit+moral,0.19285179786636414,0.6152241960739998,0.09280707660586927,0.14608932370103342,0.021121429729840713,0.023954024045521317,0.1759649786239678,0.2100476937862486,0.3231346610555876,0.35399864756945415,0.13211822117579278,0.160560758709092,True,0.5959187777328047,0.6340693049909122,0.5741388855627889,0.6135843861745848,0.009222710636861807,0.033236760975699275,True,0.06775464825946728,0.12249516570525765,0.03616161817165558,0.10022923776992682,-0.015513045577999684,0.06397497855916444,False
drug_addiction,demo+moral,0.39249053739831263,0.5812747523173211,0.049507058561582,-0.044655773837286264,-0.008529885856792294,-0.011555705419170923,0.37964624807444997,0.40498526209775604,0.33316770821198377,0.36276987977983305,-0.05560984430351074,-0.032733982860090036,True,0.5635911999211908,0.6003111148861052,0.5716421157198841,0.6077645590495255,-0.015819896191731835,-0.001633609362779004,True,0.024733100846364875,0.08038731389683862,0.032196992485647835,0.09171601302733637,-0.05319138413123575,0.028926517795308224,False
drug_addiction,moral,0.2688589656920703,0.6187682765435176,0.12654447836242735,0.027205285880273593,0.025821881318575244,0.06503464268733411,0.25386235872918556,0.28395081890752183,0.28040613943609927,0.31157970108885474,0.01476445573987727,0.03939550028378938,True,0.6006615583420454,0.6376741683539402,0.5755207367416499,0.6103736965580597,0.014889932055045529,0.036652072181441356,True,0.09253791369378914,0.1630794562750241,0.03107561183705503,0.09893887694398916,0.016051081471081207,0.11016077271992704,True
climate_change,demo,0.4933711934835283,0.41820330255189286,0.04264441614499622,-0.23830448252794179,-0.10865370932460758,-0.13607605907439402,0.4814869184354975,0.5062758129971273,0.24276447309833668,0.26831923228399146,-0.24984057923960584,-0.2270235153647039,True,0.399350302920129,0.4360835962913115,0.507862382463053,0.5436850678882006,-0.12359537051748946,-0.09303043023941208,True,0.022477010486382832,0.06740452958888972,0.14700201892488265,0.21199531348086484,-0.17755641750167817,-0.0972761819577773,True
climate_change,demo+attit,0.20131875066620358,0.6413994831095413,0.3933484754868714,-0.037930758752113006,-0.04824012385345282,-0.019843461163857417,0.18618975271874105,0.2162242309649225,0.1480277069941306,0.17950348194458998,-0.056157415943688636,-0.020165389845022166,True,0.6269585685382861,0.6552347164464843,0.6742177978361482,0.7048939870453383,-0.06285107824032801,-0.03306741228259702,True,0.37303179302367323,0.4148271434562045,0.39416469111289604,0.432284968047201,-0.038467009275233534,0.00019562764719901587,False
climate_change,demo+attit+moral,0.15522525980775215,0.6715435702285003,0.4138957150739774,-0.004855486973059244,-0.04458872411848837,-0.04490730203729425,0.13949572410251954,0.17050745664794542,0.1348076179021033,0.16481222851128619,-0.021367227479439733,0.011749593891015533,False,0.6569061627338966,0.6859732731304097,0.7010912884470524,0.7307282028384171,-0.058412670292901474,-0.030659223651864572,True,0.38823102100733137,0.4388835404675468,0.43810634581013674,0.4789767724292959,-0.06820769861012173,-0.018791168543283724,True
climate_change,attit,0.18660310161473861,0.6707007459343549,0.4195628694926514,-0.04139085556527004,-0.027756093105254183,-0.002065518736181909,0.17135190949108653,0.2011504463954503,0.13048375553289945,0.1600951220636829,-0.05739681981020761,-0.026149087795813604,True,0.6565221048840502,0.6861066661511656,0.6835063781657706,0.7129805556604423,-0.0427549604260555,-0.013847393619059133,True,0.39764860755542747,0.44247310280587676,0.39988149214743013,0.4423917722640869,-0.02379528333895047,0.01962574639061903,False
climate_change,attit+moral,0.14595766056746146,0.695872417064018,0.4414803110626658,-0.014272635695842823,-0.02456379218840803,-0.020206743325418906,0.13009004804410376,0.16126040601940725,0.11566683164559471,0.14693834265758218,-0.03034551471234366,0.0010616588193333924,False,0.6815171301906485,0.7101285366139025,0.7050874172317225,0.7363380771105121,-0.03829156345200222,-0.01040929005895278,True,0.4176168782903587,0.462871110065345,0.4419696219503386,0.4834354237510376,-0.04131539834849164,0.0019449254624104766,False
climate_change,demo+moral,0.34385548150697287,0.5138342377579783,0.24205018578447438,-0.1918147545187332,-0.15444757300635,-0.13545521489736076,0.32940852709207874,0.35734069933256696,0.13631151708883568,0.16768192741233462,-0.2090804428505919,-0.1737735833140485,True,0.49463230014797116,0.5333110437854239,0.6537977073232437,0.6844637133131343,-0.1721302681840502,-0.13602848868834558,True,0.21330440992643263,0.27349183976566194,0.35689332832832965,0.4001439893074144,-0.16864882456273278,-0.10311665318402534,True
climate_change,moral,0.25505146263100203,0.5960862015023424,0.3661746926152269,-0.129376658266819,-0.07167264249597793,-0.009082055594619694,0.24334962909091115,0.26667790988143514,0.11031640211306999,0.141580543719615,-0.14452083848217862,-0.11413816317106787,True,0.5796279012615645,0.6121086417315642,0.6520284899250738,0.6828502191615147,-0.08670195381735897,-0.056877628709885136,True,0.33789128408502295,0.39367351226727004,0.35266230523633674,0.39724757475468875,-0.0402611999635904,0.021437357592415884,False
gay_marriage,demo,0.23080231507623797,0.5251630524174847,0.13437300667831237,0.11410216228183345,-0.07361560264068083,0.0458553212464166,0.21336038200584082,0.24825469975012382,0.33003302587140804,0.35991996487091865,0.08791278455899845,0.141986085294268,True,0.5096844424076593,0.5400254544282682,0.5790474754499857,0.6174076855133456,-0.09173454994560791,-0.05355947253912055,True,0.11109075678017652,0.1573027474005955,0.06017175203426838,0.11857825949808373,0.010892258765458726,0.08159854909906379,True
gay_marriage,demo+attit,0.2049534370579649,0.6443702254852499,0.3159716371792192,-0.03755049849908302,-0.04624989274334634,0.019059520321635656,0.18834778894012516,0.2210238964719469,0.15227769922047926,0.18185373034368157,-0.06109245885107634,-0.014879833943351599,True,0.6308222438532474,0.6579966387706004,0.6738308125258319,0.7071043141870209,-0.0617286367346817,-0.030571143238878582,True,0.2945455552252151,0.3364055670994837,0.2705836962892421,0.32482418256928225,-0.005468649422671265,0.04328913271679906,False
gay_marriage,demo+attit+moral,0.21465257012517674,0.6436190721778856,0.3013315932494041,-0.03824646288361992,-0.04627358036389299,0.00109837068442808,0.19700497802069306,0.23174472215333597,0.16228175639357137,0.18976005454580683,-0.05971857458178778,-0.016412329688454082,True,0.628561732411045,0.6593207065053116,0.673459969009911,0.7074420248744421,-0.0602761779831836,-0.031457605681385656,True,0.2794560814427806,0.3231940454124796,0.2752957733873178,0.3242464741183718,-0.025640507022050257,0.026831092410823813,False
gay_marriage,attit,0.18842601990460373,0.6646697915997122,0.3168744142686928,-0.0382283433857633,-0.02250562081506989,0.025598461962247035,0.1705891563620209,0.2055920906856844,0.13536210711911575,0.1641937942797144,-0.05934654833115787,-0.016009581406444293,True,0.6479195710657794,0.6800031372637775,0.6688457091526521,0.7046665827182721,-0.036646031386656015,-0.008170172064864114,True,0.29475923046665986,0.3377387745169179,0.26586669664638374,0.31654009855565685,0.0003369037093789064,0.04985997719207934,True
gay_marriage,attit+moral,0.23053262477921782,0.6535156440176916,0.30245025158874794,-0.06766715538288108,-0.03581911751971765,0.002726559072661694,0.21303466440575503,0.2478366150616988,0.14841561303654358,0.1778999646372327,-0.08963593984598753,-0.04637379648410223,True,0.6358409356617378,0.6697560467609165,0.6711490479551706,0.7065997485337503,-0.048789113392547996,-0.022050819648333848,True,0.2793822984829676,0.3232211380776864,0.2763548440581199,0.3242274509901585,-0.02194901151222102,0.027489465791505196,False
gay_marriage,demo+moral,0.22054789965421204,0.6230647769922982,0.1657057171961877,0.05164369060191881,-0.011306535630646361,-0.01837125361010328,0.20470612373490066,0.2372191271373049,0.25709602037936685,0.2876527929183212,0.03341786827653932,0.06926557777609292,True,0.6057373145010722,0.6407939498309329,0.6164165001873222,0.6522370945306912,-0.02328691098289807,0.0007890959771451565,False,0.14023373419958757,0.19199575823872148,0.15644312912614328,0.21145805139258347,-0.053568983499168735,0.013376594132772939,False
gay_marriage,moral,0.300840024871863,0.5969431064055095,0.16193785291190096,-0.056754141142755114,-0.036919993789789274,-0.011651683776973787,0.28667222853229984,0.3145331362803512,0.22824228693039494,0.2608542062671919,-0.07527404172562523,-0.03761213062911955,True,0.5799166668402288,0.6135264110235545,0.6152007634196669,0.6522872968262452,-0.049844390001681116,-0.024458797588205853,True,0.13841212613954598,0.18636987474061148,0.1482402087260371,0.20051367845048948,-0.04230710537303664,0.01830185471909755,False
refugee_allowing,demo,0.22403969106546104,0.4096204066627387,0.13885158376514295,0.06361183034800083,-0.07544272141112551,0.016468241145583384,0.20668078609715784,0.24216627632160095,0.2710853920929972,0.3020634417519542,0.0347000362206803,0.09074470274107369,True,0.39414232206813393,0.42509153032419034,0.46812387737065553,0.5022713013978171,-0.09620744165384161,-0.05177095400370019,True,0.11799542521158385,0.16003948545066007,0.10091547965241092,0.14511767317964208,-0.01033006677407681,0.042603386882997564,False
refugee_allowing,demo+attit,0.15426534018921995,0.5527026271555848,0.30170634908478844,0.03245844182702072,-0.008336471637217352,0.04150702377879205,0.13833541095989596,0.1700942562117689,0.1700353146684866,0.2030221403623751,0.003144938527713295,0.060951895753704945,True,0.5378417189677679,0.5674675201045857,0.5449563308746789,0.5759495564259328,-0.025366408819643717,0.009451848995271997,False,0.280978679535288,0.3211642010372927,0.2398392738556473,0.27892456287989753,0.02213549589181707,0.062059013728125424,True
refugee_allowing,demo+attit+moral,0.23842209363584665,0.5455842354338242,0.30559154669690675,-0.09933559643608432,-0.07303773266956545,-0.04435304095621125,0.22123753329879384,0.25477005990352597,0.1235062891570677,0.1549588746763634,-0.12678145005651434,-0.07123934965113003,True,0.5302193531928225,0.5613768353637122,0.602651603933166,0.6347931091290828,-0.09007647824236281,-0.05628493922773671,True,0.2849151332512702,0.3255724237059454,0.32878563513341225,0.3720281845964722,-0.06750497156438305,-0.022429967108637795,True
refugee_allowing,attit,0.11175719260006631,0.5650154914968284,0.27930088061101077,0.0424406178360411,0.011068586980292451,0.051620829987374287,0.09400680366500307,0.12951505459342583,0.13763992619041723,0.1690047921985718,0.014737696503467347,0.0701457229255287,True,0.5492644647788012,0.5804153346756223,0.5369610159607311,0.5708808013092526,-0.0037012547923063097,0.02709839146875345,False,0.258176209447551,0.300833898508007,0.20424650499506006,0.25050539247203973,0.030895587193271856,0.07222010558916854,True
refugee_allowing,attit+moral,0.2205264943676367,0.5513032794246581,0.29918333730260777,-0.09738693477573586,-0.07351129495700141,-0.050361346317664674,0.20333997169881737,0.23682239922446988,0.10822395729922885,0.13822267561459103,-0.12392019338311314,-0.06910997424733312,True,0.5338603163621445,0.5681708533308364,0.6095275327214259,0.6400013785831788,-0.09129191141757385,-0.05601233331872757,True,0.2780978806854848,0.31967050531067226,0.3264085477763114,0.37313216236292385,-0.07507937831876998,-0.026921833821980243,True
refugee_allowing,demo+moral,0.2856603022963916,0.5027760609549867,0.23972556065358908,-0.14604988337594624,-0.10804167246230363,-0.10011600133872656,0.2687507444233518,0.302176169375122,0.12502804610008553,0.15568155401313505,-0.17293968796123185,-0.11741228505638336,True,0.4858981073877671,0.519790588113291,0.5951736867240405,0.6263643938383368,-0.1254099520116916,-0.09112698448310437,True,0.21659276816763492,0.2624855549087059,0.31788995941238674,0.3629428188269258,-0.1243503804197336,-0.0761080106092537,True
refugee_allowing,moral,0.28334457243606515,0.4895889669169607,0.2213196506086848,-0.17607144986328777,-0.11248508382422787,-0.09469111786053301,0.26792114753834373,0.299831137446138,0.09202047180784072,0.12249998164746309,-0.203338633915596,-0.14898282872776375,True,0.4728565091075606,0.5062771016473099,0.5864665042674669,0.6180831025970369,-0.12915769699416102,-0.09460511723256178,True,0.1996604612806613,0.2413607241024273,0.2955456976959727,0.3381523400662635,-0.12029933315317774,-0.06899099746921344,True
health_insurance_policy,demo,0.4901629455853354,0.41725877958597707,0.05215232063612035,-0.1723028200365341,-0.06883430766205223,-0.04270569270521401,0.47732773236889203,0.5020232926226976,0.3026507459510927,0.33282708810474637,-0.183925002752623,-0.1600618696901842,True,0.4003201524321013,0.43668688959253776,0.46783269683144996,0.5048578171353066,-0.0815778328573764,-0.05657024121430229,True,0.03235755161616394,0.07208407689860125,0.07246034984929373,0.1189980877430172,-0.07388484286842854,-0.013512956561069718,True
health_insurance_policy,demo+attit,0.06365196520035893,0.5930179659721585,0.3337406074596063,0.1524023345671456,-0.014355526332456008,0.020859037751726796,0.046167280768478376,0.08332186240316147,0.20138274676634696,0.231430598706485,0.1248736153926405,0.1800309093223196,True,0.5764572106624923,0.6101140878016846,0.5901584446084011,0.6239999671160483,-0.03054312382179559,0.001571589829127301,False,0.3141751149009125,0.35517405773374133,0.29154111195103427,0.3350717151096954,0.004775345092909548,0.03735998945989306,True
health_insurance_policy,demo+attit+moral,0.07697396324130426,0.6203135479152998,0.3360283469141297,0.15376791894681652,0.004075750297353526,0.002700375467324348,0.06042086606956725,0.09514431079776044,0.21625917548656265,0.24542482476738495,0.1374284749333143,0.17121216861116104,True,0.6039816144201663,0.6354478002066338,0.6000640781302756,0.6319244048546698,-0.00882259022271981,0.017807554861138376,False,0.31677830206061175,0.3560095052202228,0.3073668326056222,0.38079932610900546,-0.04144518446595009,0.025284971718762296,False
health_insurance_policy,attit,0.07213159136653234,0.590536660391436,0.3284548173162105,0.1301331260831094,-0.01495597509932841,0.014409843877182693,0.05731418698111992,0.08597780252485128,0.18693233814180746,0.2181133699635742,0.10436479213457929,0.15704009172896996,True,0.5748781562569673,0.6065911402524351,0.5894835701833674,0.6220242407111024,-0.03003213239270528,0.0013899549783087627,False,0.3089168463399605,0.34903480148901994,0.29304307549492165,0.33411780554864806,-0.0034373899007746423,0.03262286501143382,False
health_insurance_policy,attit+moral,0.0896183943580183,0.6066115299741639,0.33889555941965493,0.12571582318596036,-0.009997683095151184,0.006402441806640372,0.07110552503677342,0.10671691681989412,0.19981230121918306,0.2300414096369276,0.1072493008471668,0.14387184552396023,True,0.5917316730547392,0.6215204449047548,0.6006051396489837,0.6328366468762325,-0.023758011906357044,0.003930387423987297,False,0.31984509139721795,0.35736101460813924,0.3124362724927084,0.3543392625877157,-0.011485406701287485,0.023263176156526105,False
health_insurance_policy,demo+moral,0.24611201568076752,0.5740457433072729,0.2703294689638265,-0.02396233783162613,-0.026747680831808607,-0.021649919492137983,0.2325282973899717,0.2593386895063269,0.2062493313505396,0.23616036088874945,-0.03645455218857451,-0.012349393500722925,True,0.5571016949328726,0.5910610011154647,0.5843491239693446,0.6180001782045678,-0.03934238507037385,-0.014562677572653544,True,0.23493666765743496,0.32233767171631905,0.2711917855308837,0.31261921956749217,-0.05939939596912858,0.03314405486889333,False
health_insurance_policy,moral,0.32412231161086014,0.5450199951996979,0.38837431261676947,-0.13834912773574867,-0.044382978502599375,0.11089229574265849,0.3099980976558801,0.337653802816419,0.1691986969088104,0.20171773548908564,-0.15379524200742553,-0.12290874577608815,True,0.5303930763772611,0.5610357096588244,0.5732072342265977,0.6060370717108778,-0.05894844683435519,-0.029680702824163428,True,0.36032305340588205,0.41616506501172223,0.25764816885861347,0.297912886898266,0.0830368909500547,0.13590605633831626,True
gun_regulation,demo,0.5765923756462941,0.2575102292355704,0.0842711048404073,-0.38857205741180123,-0.33005331313542213,-0.21007663311271063,0.5625797349866559,0.5903010972825459,0.1763641837244966,0.1992521688939673,-0.40654118586830995,-0.3698279570975874,True,0.24121143782963128,0.2738456020190743,0.5710368318344721,0.6036114680171795,-0.3540626975944611,-0.30617337627659097,True,0.048503134858521986,0.12615657400193167,0.26623186515932135,0.3249656220915655,-0.25766128274610284,-0.15620992351064283,True
gun_regulation,demo+attit,0.2916888568514878,0.5940070824187537,0.36215498407354824,-0.11741011541276047,-0.0899660908350769,-0.13587798934167317,0.2768299114655298,0.3052920355250173,0.16388173392293154,0.18555947861074015,-0.13119137972534659,-0.10454476919303986,True,0.5795860235794903,0.610430704323464,0.6683634872532765,0.6997192980809378,-0.10617752002126969,-0.07436241871539954,True,0.32930668091795795,0.4077099724635515,0.4705515046236929,0.5247160813377683,-0.17525852791794766,-0.08793653422245495,True
gun_regulation,demo+attit+moral,0.3473199719449309,0.5421923807279088,0.3254027590289105,-0.17329816816087107,-0.1578588300666636,-0.2091070526147309,0.3329386516080448,0.3602982039692291,0.16269125967732265,0.18503193993788278,-0.1875558804068485,-0.15901317906204976,True,0.5259575499355278,0.5582687215188445,0.685283528970788,0.7143912458585961,-0.17545694021990435,-0.14057614827011058,True,0.2976891700713177,0.369600038769814,0.5083416745485803,0.5609029854579216,-0.24428053755686988,-0.1644068558011017,True
gun_regulation,attit,0.20318275965346777,0.6238945006820068,0.3264505365791007,-0.03323351213532986,-0.05932230516225076,-0.12418047292035767,0.18653255111581368,0.21952786496718305,0.15662485615239793,0.182272825674409,-0.050507317376808795,-0.017146939580907985,True,0.6074935113717191,0.6407924420369313,0.668029972429331,0.6989577347629402,-0.07442744145830274,-0.044549310222598386,True,0.30728541220444205,0.34733216286340857,0.4215344462603652,0.5012636203494301,-0.17284773918068091,-0.09552976924240253,True
gun_regulation,attit+moral,0.27425424409753957,0.5867737003499383,0.30827917679344297,-0.10005057142361032,-0.10622651794833368,-0.20601343460153784,0.25965328809509075,0.28937155279019156,0.16218031034186042,0.18559136603841817,-0.11575460577824163,-0.08516856560684163,True,0.5703921683080732,0.6021636145822488,0.6779710349651035,0.7084721708987657,-0.12346730224260138,-0.09025122968761812,True,0.2885845610040956,0.32759822475931305,0.4871870006829198,0.5415974280380419,-0.23356216643047117,-0.17838241631151092,True
gun_regulation,demo+moral,0.5129183214699711,0.3257468607714722,0.13823599733690406,-0.337438299582527,-0.3407950526280403,-0.33070998478270813,0.49864554898967145,0.5275635857905457,0.16366031190135133,0.18669483450473714,-0.35367160104105566,-0.3208527081048227,True,0.30836717010287096,0.343602147776905,0.6512103782314884,0.6819508925251295,-0.36379065952022593,-0.31746093496297284,True,0.11274392383553467,0.16477050919207667,0.44236100270629597,0.4953784512423532,-0.3650662809489326,-0.29551853296466607,True
gun_regulation,moral,0.5128261890916703,0.3429177980031261,0.19674229379469146,-0.35252503293764414,-0.3079732478823048,-0.15709920237111039,0.49748787011097534,0.5263189512341471,0.14739036096029656,0.17393115148242683,-0.3700379246444648,-0.33456111829189233,True,0.3246457057385535,0.36111851853507293,0.6348242167625939,0.6659941978815753,-0.3310038775269499,-0.2859037417729816,True,0.17444390267673315,0.2194156500481306,0.3249790589202261,0.40206915995050846,-0.2095997787973672,-0.12348829767343461,True
income_inequality,demo,0.426819216105837,0.3172258746188116,0.1129958747251202,-0.16241727399785266,-0.1135083783739285,-0.010041852803450433,0.41039512212612234,0.4426003251027279,0.2468088492461517,0.28104814147798546,-0.18907517824741663,-0.13435878608330998,True,0.3018042876934337,0.3326654186729308,0.41374151607054094,0.44810321389183333,-0.13358901349575428,-0.09320010907194169,True,0.09034311883158709,0.13432546597860454,0.10089845726935158,0.14595542196568845,-0.036235347440957556,0.016216570831360192,False
income_inequality,demo+attit,0.14689001468261198,0.5896925017294866,0.3979970712653041,0.005569505666749971,-0.004040587882306798,0.0031641622631633447,0.13162348779081492,0.1629661724818728,0.13565215484645463,0.1702269803984983,-0.021994978393129562,0.034425623386613174,False,0.5747407598285917,0.6054590400916423,0.576564056657611,0.611140241556621,-0.018981255729560567,0.011441141467899592,False,0.3793196134337307,0.41671519579324856,0.3756453584743917,0.41537104917756035,-0.013388434026133303,0.019919427012045268,False
income_inequality,demo+attit+moral,0.13227174129052785,0.5992193634543945,0.4051358115151563,0.02827115824375048,-0.002166264610658139,-0.0008748268887026667,0.11616240648968609,0.1486895085155394,0.144033324632255,0.17796227344731896,-0.0010566792269149025,0.057655339915152835,False,0.5839433904199234,0.6147044106703895,0.5859531526238173,0.6183556464689374,-0.017660725721332992,0.013610005288623142,False,0.38574094412677695,0.425781470592049,0.3875806491750766,0.42436579428616544,-0.017971769209921124,0.016347296572298997,False
income_inequality,attit,0.1036028922535689,0.6018359510071594,0.40197680001142455,0.03133022270963242,0.017757276487642516,0.021312705454189777,0.08803000535176918,0.12051662181754491,0.11617181052290006,0.15150928356112334,0.0020988099941122735,0.057950949596959775,True,0.5866024152136203,0.618452810263719,0.5682617880914835,0.6007036411971508,0.002570555918193006,0.031939234978566086,True,0.38126957601106654,0.4231914314281943,0.3596046208709425,0.400986597534324,0.004871239095622514,0.03791908293414781,True
income_inequality,attit+moral,0.11930164286252085,0.6096115227335815,0.4176240057991715,0.023508161236312084,0.001754708440600187,0.007923507662381687,0.10353863717980752,0.13668961670029847,0.1263526215965186,0.16014282833100585,-0.005543470962722642,0.05312554022322505,False,0.5949052265408024,0.624306155465348,0.5905702333293933,0.6240127072157664,-0.012969951201729005,0.016531129905690636,False,0.3980780975624754,0.4376891281551388,0.3905448530693738,0.4286030666272278,-0.009039360213454603,0.024043794008366943,False
income_inequality,demo+moral,0.19768037576081707,0.4737096581050743,0.24792132165417177,-0.019745498992775785,-0.09583371263725807,-0.09525149426529536,0.18089351809206214,0.2142213864458975,0.1609944297237317,0.19442249968268838,-0.05136724799770118,0.00888301945001916,False,0.458745718786337,0.48930287280992035,0.5530709916699982,0.5863340119022892,-0.11480168428494708,-0.0769374899591313,True,0.22914901136259622,0.26840840436552005,0.3243165911878975,0.3636477329658229,-0.11807265143104147,-0.07326004675190671,True
income_inequality,moral,0.23571024400953525,0.46223058985506893,0.26849500362317624,-0.07327700266291859,-0.09506889905340085,-0.060044996572294076,0.2205031059961487,0.25155040544406004,0.14467250012427169,0.17897777220816727,-0.10183043879709676,-0.04577398105837958,True,0.4468220654699226,0.47693770629677035,0.539889602972105,0.5745099715520948,-0.11447606717220804,-0.07610871243681237,True,0.2505503162134126,0.28550994664892004,0.3062580508420772,0.34914561247962705,-0.08305505414537785,-0.036583462582200306,True
