topic,group,mean_js_llm,mean_f1_llm,mean_cramer_llm,mean_js_diff,mean_f1_diff,mean_cramer_diff,llm_js_lower,llm_js_upper,baseline_js_lower,baseline_js_upper,diff_js_lower,diff_js_upper,diff_sig_js,llm_f1_score_lower,llm_f1_score_upper,baseline_f1_score_lower,baseline_f1_score_upper,diff_f1_score_lower,diff_f1_score_upper,diff_sig_f1_score,llm_cramer_v_lower,llm_cramer_v_upper,baseline_cramer_v_lower,baseline_cramer_v_upper,diff_cramer_v_lower,diff_cramer_v_upper,diff_sig_cramer_v
race_diversity,demo,0.37423090726668823,0.46037775561227273,0.16055164728636293,-0.18471693072445675,-0.13964142205754335,-0.05887174034419794,0.35755380094408534,0.3907587225819239,0.17488492221258672,0.20352453303647985,-0.20891266190519592,-0.1609296649758777,True,0.44229145089322824,0.47766721547290303,0.5837359785371188,0.6159305700948479,-0.15918955494664316,-0.12169134769133502,True,0.1375978066234659,0.1822983728510696,0.1968160965787282,0.2542575115085214,-0.09561858282555538,-0.027218385735317666,True
race_diversity,demo+attit,0.20237339144492283,0.5732882621380682,0.2640954013612451,-0.012601582192206421,-0.026660818554037333,0.04431462551948064,0.1854507999823338,0.21967826190963072,0.1754059010286185,0.20447792381813434,-0.0394035302389851,0.013101908992191866,False,0.5563440777617077,0.5895113524349338,0.5833272776221997,0.6164958770180065,-0.04388463692554209,-0.011284407846234797,True,0.24304620784942718,0.2848046542516391,0.19538766491157308,0.25567290884234267,0.011718758500625573,0.06945439502329707,True
race_diversity,demo+attit+moral,0.18616588031722656,0.5744925090886963,0.24386433728340814,0.004000818974260943,-0.025322558902346096,0.02388440496001717,0.16919328077267817,0.20343531276446356,0.17608203916604379,0.2048260638789596,-0.017598352891848554,0.02538451288851501,False,0.5577767857025431,0.5919519367908785,0.5840695934020347,0.6165382518067765,-0.041069508213814374,-0.009982638194408035,True,0.221215024388326,0.26693498316638253,0.19556885585132844,0.2563142834586834,-0.010969810563803452,0.04839941586751994,False
race_diversity,attit,0.07712229279777551,0.60455905504825,0.24760280644478855,0.11236230724122748,0.004314904130504059,0.027595775735682018,0.06222559648671198,0.09280103985444757,0.17383756717010115,0.20435671895490243,0.09455324110234227,0.1295845319397058,True,0.5882741201489381,0.6206704055438048,0.583558625780707,0.6177433901424149,-0.009826726092014853,0.01883533710775064,False,0.2266286909354177,0.2685479766341025,0.1957408547841481,0.25489264120045985,-0.006334857270241311,0.051909975507626,False
race_diversity,attit+moral,0.2140115396544708,0.5653504489090114,0.20223739597706675,-0.023991568764594982,-0.034697982486331456,-0.01767806840499932,0.198703551902282,0.2292287323679946,0.17586401494876278,0.20474337926145567,-0.03962812308935252,-0.009400337746987245,True,0.5459677861795909,0.5823969308203604,0.582197266274462,0.6175619507873258,-0.05001939100310016,-0.01919540196546138,True,0.1799734811442259,0.22490933686941877,0.19434162921728212,0.25666458220910376,-0.05406916308042246,0.009103229299433928,False
race_diversity,demo+moral,0.2897705989093271,0.5270910171898269,0.20753019735283093,-0.099812409189757,-0.07285976232883101,-0.012173742694290744,0.27260678449918313,0.30638625153498894,0.17478991295937674,0.2042658286000385,-0.12100535590748561,-0.07762029066391557,True,0.5093073311932923,0.5460200994602791,0.5832260705364949,0.6165005343877548,-0.09082553398648449,-0.05428792496629537,True,0.18583069912638378,0.2313812930645487,0.19527999814883096,0.2550071308755376,-0.051282246356203535,0.019543365317517578,False
race_diversity,moral,0.2835051463454099,0.518629852944354,0.17428818726144124,-0.09389663768357591,-0.08143447423118995,-0.045249399071681635,0.267494368764294,0.29928551941753495,0.174938419314151,0.2039398486831971,-0.11310257517488595,-0.07263822823239832,True,0.5012410866913541,0.5359139648447985,0.5830516027769894,0.6164596954490305,-0.09775795195852183,-0.06357628486661315,True,0.15023989938533344,0.19771651870862242,0.19509335672481198,0.2533106563150452,-0.08124747346034035,-0.014766764647243382,True
gender_role,demo,0.41599334610960853,0.5241586281282653,0.053043284087239656,-0.29887405726797117,-0.08264695073490642,-0.15044833817529696,0.40179110408221574,0.4294742831528331,0.10157195822727161,0.13282721185718982,-0.3205666636009167,-0.27542794714054597,True,0.5051922470851511,0.5427832944632337,0.591321653349707,0.6220906293625661,-0.10375191183367306,-0.06305208274281647,True,0.03417550853023387,0.07247389473320352,0.18265620639108623,0.22567981966795034,-0.17801832429119666,-0.11964305278440827,True
gender_role,demo+attit,0.0640837247764482,0.6095184425085642,0.1994982847300438,0.052900593675487724,0.0031795756899513404,-0.003164220306059123,0.04789540154733371,0.0803873792005471,0.10112641381524731,0.13278152676526866,0.02371026314572689,0.08277692618995976,True,0.5934697238951353,0.6259784037744534,0.5891476281116601,0.6217727928215383,-0.012246645544734959,0.01862369207814884,False,0.1762070584690062,0.22313055198934745,0.18222723862552329,0.22494568654627511,-0.024946854003029383,0.017935565042892877,False
gender_role,demo+attit+moral,0.13966823695882616,0.6310187584147793,0.18897769399079195,-0.022454559229291158,0.024435677934521213,-0.013944684887480938,0.12476889693616061,0.15532601624080483,0.10062396771629294,0.13253471259933958,-0.04250055360174441,-0.002390241814010109,True,0.6155600012030747,0.6468432525093155,0.5911519803621619,0.620774322877555,0.010468743453764749,0.03790123081700937,True,0.166845033533003,0.21288927854154063,0.18185149512189822,0.2240974558263175,-0.03744919059608572,0.008009879242028357,False
gender_role,attit,0.051283327791551626,0.6021320720537704,0.19248148965929607,0.06577083835890409,-0.00468750621566333,-0.010916728119254373,0.03367298035800878,0.06792514099578509,0.10101103105370769,0.13347417797598699,0.03674253066029679,0.09801322554481415,True,0.5849125972964114,0.618925097003238,0.5909624371372814,0.6220397315579196,-0.01927896346539825,0.010164701672377062,False,0.17073928670000935,0.2149763537097378,0.18169590786340561,0.22438254659332457,-0.031984609713265146,0.010890508854736329,False
gender_role,attit+moral,0.1315910977704667,0.6298157636810108,0.19063343465228105,-0.014245546716733217,0.023509386569814494,-0.011977486257889292,0.1145339335168319,0.14944983260686506,0.10033479714582873,0.13441700475385515,-0.03665447923754806,0.007786804471093743,False,0.61371606181585,0.6452065256046869,0.5911204738581994,0.6224231262966423,0.00974404614045064,0.0373818503012452,True,0.16545037326798628,0.21733999512243282,0.18067619148016262,0.22453982363489264,-0.03577175839110457,0.011842385032520057,False
gender_role,demo+moral,0.131580081164379,0.6072818146262373,0.15272495517584755,-0.014133454746514548,0.0006844502323094422,-0.050639138043519695,0.11434632835246562,0.1485889102269937,0.10205714205819892,0.1344222698806052,-0.03632791147037691,0.007634679415392777,False,0.5904433027176472,0.6246149596788422,0.5911278142646809,0.6231153948975873,-0.016017923450146455,0.01665444115937404,False,0.12835270951656683,0.17857422481557156,0.18108801739307273,0.22495541086051632,-0.07915675977009672,-0.025251903850626943,True
gender_role,moral,0.6089063839814053,0.2056856850145022,0.17199867043364742,-0.49207570707761933,-0.40079230754016953,-0.03134530557725807,0.5931062987690765,0.6237202114950857,0.0999650468462705,0.13277025730015546,-0.513459992451336,-0.46972066373090715,True,0.1918140443737682,0.22064186090423663,0.5913323312587766,0.6220951958211988,-0.42172119048301765,-0.3785772006503091,True,0.15105751074873372,0.19148826468803348,0.1831505243296355,0.22557091942875787,-0.0543809154541748,-0.009853243759727058,True
current_economy,demo,0.572668238269739,0.2943679400668699,0.048413209188006234,-0.48748367236430823,-0.2221414726540457,-0.24028069599041282,0.5597145345297229,0.5849857173763761,0.0699673160687947,0.10023449167018594,-0.5025513885369646,-0.47371615325467165,True,0.2780096767330043,0.3130705100782035,0.5000923039409662,0.5325442834761762,-0.24079247242702953,-0.20264346872548827,True,0.034491858780286024,0.0641966478195892,0.26533306752052593,0.31153463483198346,-0.26755499015372497,-0.21265196301336767,True
current_economy,demo+attit,0.3123555142601325,0.39756483119389247,0.1532522312955334,-0.22766295293902056,-0.11934564664283705,-0.13571110725399269,0.29482439908797686,0.3284751493190886,0.07038924183022517,0.09987413985858755,-0.2418633325456698,-0.21237846787374648,True,0.3795073904674192,0.41532929419283965,0.5005875689903769,0.5335145493177713,-0.13648744546599031,-0.10231151030148147,True,0.1280288102761757,0.17770611900250083,0.2654822358033114,0.31144399078707924,-0.1621086608755854,-0.10936683007341069,True
current_economy,demo+attit+moral,0.14182462685927782,0.4703920824092661,0.2444410657885266,-0.05671628439674551,-0.046432869356864574,-0.04427813272399476,0.1275428020509248,0.15772454593247598,0.07094728065377087,0.10139802542309596,-0.0702928109153452,-0.043410425836745356,True,0.45409995626466554,0.4866140833351273,0.5002933689577265,0.5323371474868782,-0.060267958270682355,-0.03186072000200428,True,0.22253117152145047,0.26700493952155824,0.26637049062050366,0.3098039449841065,-0.06493606834666511,-0.022739979406488954,True
current_economy,attit,0.0807491530799986,0.5342579282376358,0.31846567532709547,0.004346572212719803,0.017650033538711425,0.02997727398818102,0.06483264241626248,0.09633436136299499,0.07045270887599407,0.09987186113683563,-0.015744283595863932,0.024585845913309663,False,0.5198141728709177,0.5496578804946965,0.5001727007858535,0.5333437011653904,0.0011352140570682382,0.035058863176095995,True,0.2984174629890536,0.34065283571825355,0.26560243741874706,0.31223615186791465,0.005778334257220943,0.05277225384510141,True
current_economy,attit+moral,0.4184419424323072,0.37172233638749,0.34967228055545024,-0.33343831776411026,-0.14474628922103228,0.0615408931413603,0.4035596833077802,0.43358019965766176,0.07104260652731402,0.09906352496896198,-0.35663349213055856,-0.3084816184919404,True,0.3558256121498904,0.3887908913269176,0.499675817171026,0.5328832557421266,-0.16798909537564619,-0.12339726520343511,True,0.3304397111512264,0.3693050628938128,0.2663635320281569,0.3118133171158816,0.03959521098594268,0.08224095179556255,True
current_economy,demo+moral,0.33556741806963314,0.39397302873966294,0.15197317900585566,-0.25014542571944215,-0.12256378636985658,-0.13646830467372423,0.319421063569702,0.3518244933625753,0.0698027020043545,0.10054174314699896,-0.26499551030242696,-0.23669149719702864,True,0.3770677715408795,0.4111001187340685,0.5022639532813631,0.5322446190142256,-0.1399556798559205,-0.1051227133454751,True,0.12981233076585597,0.1737637486009339,0.2672006585966967,0.30971023048379515,-0.16277907819984944,-0.10936528319698417,True
current_economy,moral,0.10617356709027942,0.5148905742134104,0.2928073542942221,-0.02103443466211772,-0.0018690251818842618,0.004049747305298682,0.08900835883586508,0.12330156827478757,0.07080509172225952,0.09962613352235271,-0.046260316494298556,0.003936157699924565,False,0.4990150813432115,0.530233959832255,0.5002530989389372,0.5315642254408255,-0.018968159145846084,0.015796922005466944,False,0.27102604656639634,0.3137808528906483,0.26582133568915406,0.3094241011393162,-0.021322978158039047,0.028938064806603735,False
drug_addiction,demo,0.40614502227997734,0.5787930501399768,0.05908162444067131,-0.20267747128671665,0.0220789598619179,-0.04936011690338084,0.39480756421663454,0.41826810136046844,0.18605045323893274,0.22067059322925084,-0.2247976958424181,-0.1807317599466578,True,0.5591253869359724,0.597033721700701,0.5400313014330311,0.5732355439637136,0.006917718120438538,0.03805583171338231,True,0.046067702225618026,0.08330094169508026,0.08543321738046963,0.13119764871146147,-0.07838852647593697,-0.017044259428020434,True
drug_addiction,demo+attit,0.15350759822896043,0.6114640724753552,0.10113505945374454,0.049360917856179146,0.05513282657832227,-0.007007479117652549,0.13655836614097092,0.1705463311399615,0.18517797541979636,0.22041836684759586,0.023254228956159136,0.07661599938464451,True,0.5944682957293649,0.6282053115760006,0.5402148536637437,0.5724032634355128,0.03975285153540068,0.06974047088810728,True,0.07252435098308303,0.1326332648418928,0.08574471496674714,0.13172102246306042,-0.03814533335673493,0.02706816889117716,False
drug_addiction,demo+attit+moral,0.21784232182201904,0.6164028870774947,0.08733208655645791,-0.014727360706528476,0.05994098389959864,-0.021168590705121032,0.20074086330438207,0.23376518169213958,0.18551729362885738,0.2205671650382534,-0.04075268958238216,0.014610556620367048,False,0.5975515033221885,0.6341376395246971,0.5393095828736331,0.5723696294743035,0.04447781392466012,0.07396969356007656,True,0.061240893523921695,0.11555760988834142,0.08343685687593085,0.1326792220475572,-0.04940203883614457,0.007780679854045816,False
drug_addiction,attit,0.11757627070068813,0.6016986223109854,0.10240276567680535,0.08566943777259678,0.044941807021769066,-0.006216353348631887,0.09979073820984716,0.13520175353693475,0.18671772615151702,0.21915519958484453,0.058591795299462776,0.10931778812443317,True,0.5849479330918557,0.6184952302438026,0.5390070335659016,0.5723335136719612,0.03109584619327384,0.059639409477895124,True,0.0762440379330963,0.1313134870298229,0.0849914905140862,0.13011670363859304,-0.03519886156734808,0.022835766394650004,False
drug_addiction,attit+moral,0.19300983085898363,0.6149320186967775,0.09220712809908187,0.009720762254466404,0.058461220190887286,-0.01585978954019281,0.17452110603472828,0.20952828624640338,0.18568435368988614,0.21997689164224102,-0.017512127899315704,0.039414102337544867,False,0.5972097238818894,0.6339365575586776,0.5402232971936665,0.572759457938593,0.0428369956290659,0.07261109981811599,True,0.06647486303981831,0.1206358581729636,0.08545095647916166,0.12953804420083087,-0.04521185896155803,0.012960119781015165,False
drug_addiction,demo+moral,0.3922074125877295,0.5817324330695418,0.04979930128675373,-0.18907631712678968,0.02546334770671583,-0.058036130616176025,0.3785000370594531,0.40609075265093997,0.18583313794510795,0.2210755053248364,-0.21138520536568703,-0.16476874910008704,True,0.5629355812580734,0.600658266246743,0.5403647725305136,0.5727136127036927,0.008970115789967103,0.040480265158507084,True,0.023548808072894837,0.08082353010408559,0.08485046611553698,0.13273406553558761,-0.0922669793885358,-0.018887423150499637,True
drug_addiction,moral,0.2691336215187853,0.6184771590760295,0.1263423357191523,-0.06648905171060654,0.06237655457944321,0.01804223524417606,0.25351590917918465,0.28446918555159867,0.18445209690726308,0.2196967768587335,-0.09294160280643672,-0.03945892327545768,True,0.5992058853784619,0.6377028231133246,0.5403376270756558,0.571662270213848,0.046470472324481746,0.078727110038078,True,0.09250737484623771,0.16148014601203425,0.08594997850049539,0.12988693419375894,-0.020523674182773576,0.054490954890109904,False
climate_change,demo,0.4935992298154106,0.41791054069058975,0.042265163144949325,-0.27930815305853457,-0.1708047002153615,-0.3727541266528873,0.48009024295300845,0.5061456985510373,0.2007011949474314,0.22768312619073838,-0.3010501448327464,-0.2568101207433567,True,0.40016569685485487,0.43595441815959296,0.5728042783801441,0.6041093027765917,-0.19460048814519132,-0.14712305575510756,True,0.021904936116677706,0.06836168381109624,0.39444197606607584,0.4360877465164401,-0.40259979625625686,-0.3411750300572634,True
climate_change,demo+attit,0.2017839211253145,0.6413604928192016,0.39385525340236033,0.01252033141379676,0.052526406852200024,-0.02107595327152748,0.1871763847468063,0.21724307007806148,0.2005000565670092,0.2282353379181462,-0.0012471502499139106,0.026513535415396004,False,0.6268453623990399,0.657753601597907,0.5738720190857519,0.6033282562376767,0.03884917365071998,0.0668546511821004,True,0.3727151085831241,0.4166885889351643,0.39330988409913076,0.4375623243625663,-0.042448179979126706,0.0009596196417970368,False
climate_change,demo+attit+moral,0.1555694850880243,0.6709927334945769,0.4131797293711915,0.05884733743187328,0.08211309498906724,-0.002008551463136934,0.1388981470515149,0.1719193453952085,0.20018550027999732,0.22811792426115574,0.04178853473376961,0.07566821934600587,True,0.6563267237376493,0.6852657928372734,0.5733887131661046,0.6040574833005771,0.06679730918154907,0.0968913328635202,True,0.389212916751464,0.4379403324151522,0.3931167360144769,0.43611751951303873,-0.02508464159394929,0.02308026740825001,False
climate_change,attit,0.18654910850082435,0.6707328126905324,0.4196416647613441,0.027984816504864212,0.08211875963653645,0.004306963763547874,0.1717208964538248,0.20198455840973567,0.2007148938367812,0.22893113406169716,0.013143878983093656,0.042855767133377964,True,0.6557861668242388,0.684526289218093,0.5715760801944423,0.60417644132707,0.06711586337264014,0.09673173549985256,True,0.39784774354449165,0.44009624758089777,0.395032383188266,0.43596958964990423,-0.017506537884520477,0.026614926158433704,False
climate_change,attit+moral,0.1457475220639012,0.6959180660720095,0.44139544463499203,0.06843326955402994,0.10720667830832664,0.026737767845286888,0.13100367748357292,0.16087374667214435,0.2001632620233344,0.22775085404035714,0.050500967589907735,0.08476610488021627,True,0.6811211595567974,0.7085322276319692,0.5736211447978706,0.603769172261747,0.09154629357474445,0.12201897179159894,True,0.4196652927330562,0.4614713887842669,0.3929723966792765,0.4353755164278912,0.005727859114732044,0.0473269656954558,True
climate_change,demo+moral,0.3435367494381771,0.514520315630409,0.2425952283512239,-0.1295437388503182,-0.0745235791003576,-0.1721819952264826,0.3305527574472052,0.3567765552307504,0.20043351374346052,0.22780952341741817,-0.15315674269848215,-0.10732163685813342,True,0.49764051879978805,0.534031159961684,0.5727922323385578,0.604664122393372,-0.09674982802893503,-0.049212881034516265,True,0.20969366727623712,0.27256408306886365,0.3920834883645874,0.4365221531227272,-0.20684985007204085,-0.1360276528386703,True
climate_change,moral,0.25555270021327237,0.595212608883004,0.36649626990048884,-0.04119536656214774,0.006400515241792613,-0.04855595081889186,0.24372092733608983,0.26643668024914485,0.201615415406607,0.2280726353942214,-0.05990437927838688,-0.02060443030917907,True,0.579108530190815,0.6117312626638197,0.5745161218349845,0.6037015913037289,-0.014871173322880068,0.02855474395756646,False,0.33839414023787073,0.3953618101229789,0.39370143803195223,0.43530685527070073,-0.08193171487948409,-0.013905914258805819,True
gay_marriage,demo,0.23208203974654557,0.5245864337356795,0.13373157415140946,-0.13127183903191766,-0.15641609002753165,-0.16770956030847767,0.21434233067926803,0.24780223281157746,0.08352837700062021,0.11913018641625338,-0.15340464318851857,-0.10744154501878242,True,0.5097307937308155,0.5391591486961251,0.6649221589492228,0.6961858815630763,-0.17408617823272715,-0.13848379083424192,True,0.1112746803327762,0.1559607384617126,0.27839827101752546,0.32334380375379634,-0.19808796874118656,-0.13642385768757354,True
gay_marriage,demo+attit,0.20461860395558826,0.6448900912940968,0.3162456278920671,-0.10339939979256409,-0.035927098125091046,0.014643777030854512,0.1887000783145738,0.2212359059482689,0.08423200615417635,0.11884378654901505,-0.12127515887862114,-0.08477892313385685,True,0.6307457074417187,0.6602046847443716,0.6643361234616837,0.6971133470409683,-0.049687873832714224,-0.0231444191915832,True,0.2946375131967294,0.33779622045871016,0.2781035088560121,0.32441738421992167,-0.005410663352758759,0.033505447244575444,False
gay_marriage,demo+attit+moral,0.2142535765446322,0.6444624447379944,0.3022281146105468,-0.113629063654866,-0.037179882286517515,-0.00039663641481395626,0.19711710057466927,0.23246235843686125,0.0825954196754771,0.11893914024343111,-0.12965487267412734,-0.09797764002932283,True,0.6285885151457884,0.6605115839457014,0.6647877324153381,0.6984709372334297,-0.04845696466196498,-0.025703665689577,True,0.2795627929345252,0.3226668140408238,0.27909987718974194,0.32407140882488517,-0.020260202099053368,0.01920969124004435,False
gay_marriage,attit,0.1884792649192189,0.6645622053636935,0.3169304038040529,-0.08744466302780891,-0.016444245863573577,0.014945561502069079,0.17004414787824998,0.20615428442326147,0.08200210092774161,0.12074505518933036,-0.10408011647395227,-0.07100772980783641,True,0.6493169633583652,0.6801651360055329,0.6654482944178381,0.6972657464224117,-0.028413529142281235,-0.005268452854789856,True,0.29498643603065033,0.3386245512754066,0.2793241298821167,0.32519125422577777,-0.0039919571678727886,0.032901106587080564,False
gay_marriage,attit+moral,0.23075912220531228,0.6539184863160027,0.30331865929306817,-0.1293604679820894,-0.02728881878368547,0.0010675283327870441,0.21293461798972535,0.24858986713574815,0.08356365090918041,0.11956578335512462,-0.14580071408603604,-0.11322960245003232,True,0.6376506354043573,0.670590243835771,0.6656378595724498,0.6969072378442579,-0.03911581525874456,-0.016296738551370416,True,0.280570366121833,0.326850234364135,0.2796459264712014,0.32413615332207935,-0.018495651834119834,0.02038660113998829,False
gay_marriage,demo+moral,0.22107300913338132,0.6232929203693834,0.1668176488881536,-0.12023193716966199,-0.058004618415346695,-0.1357082688065808,0.20397384289391282,0.2382471655000263,0.08149887644569571,0.11763845975337701,-0.13697646199834987,-0.10400166268170632,True,0.6039541976174302,0.6423264995782634,0.6655007691083566,0.6963727051537199,-0.07274004828281126,-0.04359281320797203,True,0.14066543474636467,0.1934256964577835,0.2790764862169269,0.3246699236557242,-0.16935651673459198,-0.10275850019522645,True
gay_marriage,moral,0.3004968031444686,0.597350777797303,0.1627254726599612,-0.19997550624920055,-0.08355814574788795,-0.13870674406721245,0.2856436405702243,0.3147722361928617,0.08220637543493195,0.1190881799440052,-0.21443946534271255,-0.18460231977606378,True,0.5800826180758819,0.6142454564422185,0.6654228399857318,0.6965412630619018,-0.0979286551993402,-0.06973028980939258,True,0.1383985136020462,0.1885106869897375,0.27983840302317936,0.32369719745453046,-0.1704303760575319,-0.10625816068330354,True
refugee_allowing,demo,0.2241051288352974,0.4098152926359894,0.13894075854722618,0.1426595756622408,-0.06438133286337053,-0.11554043317623658,0.20681522686600473,0.2414161460592725,0.3504333083290759,0.38277967087402387,0.11667768232971482,0.17063740836542055,True,0.3941383379365147,0.42493073525600833,0.45665256939180027,0.49005750349929056,-0.0859487679872893,-0.04218667926176517,True,0.11736828849064292,0.16035957489273908,0.23202440486472434,0.2755639066097417,-0.14413532539951304,-0.08783932550740266,True
refugee_allowing,demo+attit,0.15409806743680446,0.5532204183348517,0.3017444701452457,0.21299186045189625,0.07921004951040501,0.04750185663768052,0.1391786121094341,0.16910681956796733,0.35114477277371847,0.3832755250860038,0.19589864769633605,0.23082346555437622,True,0.5380768990172397,0.5688294204135422,0.45659122157592946,0.49055437986121375,0.062467840796149726,0.09581518436813756,True,0.28099218402866366,0.3212843108950192,0.23282857068511834,0.275327796864521,0.028193474511127855,0.06719982745839904,True
refugee_allowing,demo+attit+moral,0.23897130476820108,0.5453676444045819,0.30582834374873336,0.12827033345138134,0.07108033357907445,0.0515868814342505,0.22193293154891605,0.2542469412525447,0.35026765651753244,0.3831063523395512,0.11245089024531309,0.1433250932535619,True,0.530209043275186,0.5609196209080073,0.4578855511226115,0.4916082676536049,0.055105855377631234,0.08714702540965495,True,0.28542118406602257,0.32730810847819114,0.23275989679763984,0.27566661262552666,0.03207758999832207,0.07206626046910646,True
refugee_allowing,attit,0.11185079745864235,0.5659434751862417,0.28033671008747796,0.25522732029335937,0.09218746764658689,0.026205358427290243,0.09335027613019031,0.12937737736642035,0.35004393429147695,0.3823381049480593,0.23702187311732578,0.27260448802042314,True,0.5488171828309331,0.5822887662456273,0.45658307020355665,0.49109022358557824,0.07642897001983986,0.10752802523362562,True,0.25685520454686334,0.30345405489557586,0.23407783490959724,0.2751500066528113,0.007999205050509592,0.0430562806565639,True
refugee_allowing,attit+moral,0.21994032770410551,0.5509800070815656,0.2986134839468782,0.14667498818309208,0.07665222985811887,0.0441372034816872,0.20270441775753886,0.23724600914697858,0.34969917820978513,0.3819985730205081,0.13119634128341184,0.16416910793935535,True,0.5344159654797036,0.5679044759385948,0.4572688731141035,0.4911042346846055,0.06106252294590917,0.09192844865831874,True,0.27803709438354807,0.3203020087895695,0.23418708673284588,0.2743310939212483,0.026141055771322586,0.06290058706128822,True
refugee_allowing,demo+moral,0.2852825058460143,0.5025647561884643,0.23915039516856063,0.08128689256983557,0.028359893487633094,-0.014501717057375999,0.2684563586127146,0.30328534132887314,0.35067240378481623,0.3818962156893642,0.06534072449152845,0.09737172363531112,True,0.48726249425812046,0.5182081707970748,0.4583966422221028,0.49125609451745883,0.011439213956184791,0.045015826002132844,True,0.21690266014343448,0.2596952588762614,0.23286842118048415,0.273855326515691,-0.039608240031698376,0.010471658282519706,False
refugee_allowing,moral,0.2832331272520371,0.48986913722100484,0.22148935918394846,0.08395011257458748,0.015711649018333353,-0.0328181613923349,0.26678420882433596,0.3010379039371855,0.35102481720341905,0.38321736849068205,0.06793295718417088,0.10104021774308841,True,0.47506309643020556,0.5065738248269533,0.4579680711871467,0.49113176733901004,0.00014831057736135365,0.03264454681891721,True,0.20153836835653144,0.24190350101539637,0.2331797025537159,0.2748912180121735,-0.055318192672835644,-0.00865131837202178,True
health_insurance_policy,demo,0.48987798635784396,0.41772009494644524,0.05217134383770399,-0.2580875973188362,-0.17354860988079218,-0.23658931320557344,0.4774172063845219,0.5026376493796599,0.21718710302061445,0.2453551000297812,-0.2737017086244124,-0.24317696391076868,True,0.39934828370558423,0.4352949446546442,0.5748958976852646,0.6080072997580195,-0.1900560307685489,-0.15738846604227547,True,0.032611883459577586,0.07200971549377819,0.2681625914125322,0.3118669196991815,-0.2667406917440155,-0.2085452476192276,True
health_insurance_policy,demo+attit,0.06412905613234847,0.5934368383021854,0.3340142753014127,0.16773379289829998,0.002619117642162745,0.045842140598403254,0.04732184041963299,0.08201558936988897,0.2168315390334972,0.247376000975936,0.13939439953656327,0.19539594224445445,True,0.5787465585261595,0.6082557685399274,0.5743041461503379,0.6088641013216383,-0.013057136574345977,0.01929007548157589,False,0.31384188624962106,0.35234007394260486,0.26796775097239733,0.3114504699003749,0.02653585961455433,0.06208475502518086,True
health_insurance_policy,demo+attit+moral,0.07689879121172324,0.6198885209968993,0.33578080577007446,0.1550828637792618,0.02945752645228835,0.04787590959167566,0.05868540598591205,0.09431096911719698,0.2166764541277434,0.2464689493208335,0.13786788366497713,0.1718690746199974,True,0.6048805261577329,0.635786775146766,0.5736714788327575,0.6077504854817304,0.01521585962500051,0.04322191260158892,True,0.3157528372876238,0.3567228304379492,0.26622147271915475,0.3110486086632236,0.027578669989705942,0.06587758092490642,True
health_insurance_policy,attit,0.07268071016733031,0.5906502632806769,0.32840654272214603,0.15912361727934193,-0.0005490140541869025,0.04016621531662501,0.05763949596278021,0.08718008569348165,0.21696019386363172,0.24714395556974858,0.13141800578777646,0.18580045943676818,True,0.5745930563709322,0.606297111548179,0.5743583592211995,0.6075968268368153,-0.017636166878000216,0.018186550084994892,False,0.308054066195938,0.3483859694276532,0.2663221007885742,0.31131872526950893,0.019647226704514003,0.060020609951102234,True
health_insurance_policy,attit+moral,0.08922630174926485,0.6067316012709923,0.33870716575863474,0.1421210332141864,0.015361288934570196,0.05035692274233029,0.07177129149344315,0.10650985034382478,0.21676538471581183,0.24571691470421858,0.12356345936666552,0.16091639600783714,True,0.5922599561947254,0.6224661354199077,0.5749822910021926,0.6084483353449595,0.0006990255075997156,0.03098102966604775,True,0.3200092515613148,0.3581035142528109,0.2674079079892396,0.31284528991350696,0.029930080013935954,0.06882109756318959,True
health_insurance_policy,demo+moral,0.2462183978442746,0.5739682005833713,0.2702205670126411,-0.014090518201465351,-0.01668035449263553,-0.017572937505930177,0.23140303951000118,0.26037930408355436,0.21586720499463652,0.24628870399886604,-0.025572503951123534,-0.002639647214148415,True,0.5579434114842446,0.5909299946248124,0.5739503739146793,0.6079746860817673,-0.03173673121704045,-0.00208834274723899,True,0.23301571720961148,0.3236983165551734,0.2661926107373416,0.3098045847841136,-0.05790810521571653,0.03532870075887323,False
health_insurance_policy,moral,0.32443438379911294,0.5445434372027862,0.3879067675655542,-0.09276118628186558,-0.046461801626241465,0.09955057519208226,0.31105740367280194,0.3385245451802785,0.21666839391304968,0.24656866744411782,-0.1067516331522926,-0.07960787686600958,True,0.5286112121271823,0.5611522599835816,0.574293631644829,0.6087554232884196,-0.06168583610557707,-0.030632489138872412,True,0.3607085230413947,0.41539403993719826,0.2668827558376513,0.31294350995039083,0.06784479193214532,0.1284175665453668,True
gun_regulation,demo,0.5765450369897976,0.2576767230981256,0.08306681114976217,-0.32356452240575334,-0.32697075902045775,-0.21034262769221987,0.5621049347023143,0.5905192190739531,0.23734696664530702,0.26807494369398094,-0.3394261097878275,-0.3078620420161644,True,0.2416412628664574,0.2743119675139079,0.5676274984766029,0.600843960227664,-0.34752612967963886,-0.3075997510905233,True,0.049376367825491034,0.1199108771040832,0.2753910654076703,0.31130075073683244,-0.24934061936317717,-0.17135687828594617,True
gun_regulation,demo+attit,0.2917906468389693,0.5942296576034538,0.3648374986596757,-0.03914145146529718,0.009131403169717476,0.07130785024253393,0.2771934479841834,0.30724000777470273,0.23739948761561175,0.2686094672938255,-0.05071579088550124,-0.027493257997712035,True,0.5770178221685254,0.6113360399991422,0.5682874454935667,0.6011210158239676,-0.0036032765163290384,0.023213322630975752,False,0.3258603406168636,0.40830405371049133,0.2748621028596543,0.31036651502333507,0.038348581643950906,0.1150771655371296,True
gun_regulation,demo+attit+moral,0.3470147915035942,0.5427219749486885,0.3249734946355848,-0.09425178787383703,-0.042385408398890996,0.031142136222694888,0.3311592783538323,0.3617829822572841,0.23672814083439117,0.2684535173761709,-0.10605177261151072,-0.08357469764465193,True,0.5251662108110626,0.5598806386840867,0.5691485778403905,0.6007111443581553,-0.055555341608080386,-0.029682678350860883,True,0.29710563315757077,0.3712482168847521,0.2750962224866512,0.3117221983886314,0.003963044207958362,0.0775771854197983,True
gun_regulation,attit,0.2033512371650278,0.6233689298405822,0.32609247960813104,0.04978893171773413,0.038679877293515144,0.03269736347122381,0.18808210880868828,0.21933263208340692,0.237266854636149,0.2690196365842016,0.03793478462601094,0.06115742214004538,True,0.6081030866321183,0.6385558459935563,0.5685888828666597,0.6014411230531368,0.026246173761346827,0.05051711206611176,True,0.3072162299787011,0.345273432571167,0.27590629084626445,0.3109528728569276,0.015596992064442476,0.04888956181769411,True
gun_regulation,attit+moral,0.27418144328967414,0.5870477329889002,0.3087367189560953,-0.021896913112613624,0.0016203847737496315,0.014743438664202363,0.25915119500571815,0.28952364194012487,0.23681952676264045,0.2677606546278896,-0.03260548024382604,-0.009888108606017153,True,0.570694335435855,0.6033234000104635,0.5681900422575449,0.601207389003429,-0.01044975017054024,0.013664918154910026,False,0.28974719561715934,0.32712022539638086,0.2751186463201073,0.3124614819300471,-0.0011959893670190997,0.03232107893052466,False
gun_regulation,demo+moral,0.5132369329793923,0.3253588167423969,0.13791606314223434,-0.26045790104187133,-0.2593642483272701,-0.15544058581889725,0.49895848581654223,0.5284224118454953,0.23668949537453143,0.2683682556412396,-0.2764252531958944,-0.24563234445184376,True,0.30851039080206566,0.342775388512076,0.569126801778414,0.6001307759614145,-0.27852411496513807,-0.24032778566041718,True,0.1130828589148678,0.16405285666095729,0.27499143713334984,0.31088065541384086,-0.18243401929829392,-0.12713938297090197,True
gun_regulation,moral,0.5128870745990123,0.34282852946654885,0.1964761509830967,-0.2600174067990299,-0.24254181474008238,-0.09766906261466451,0.4992503791600255,0.526624931798824,0.23737712441494385,0.2684768874789101,-0.2732210044249208,-0.24539960416117682,True,0.3253426335537719,0.36028454485998324,0.5695953834640148,0.6004865263777581,-0.2608711202364695,-0.2252062772452452,True,0.17349186312401985,0.2200642831649621,0.27556654155992033,0.31144953279075666,-0.12304574425719123,-0.07398217171088747,True
income_inequality,demo,0.4271932186710758,0.31694741187324554,0.11311073643775175,-0.3641500017446638,-0.28949925536998483,-0.2838440894550839,0.4107022962812321,0.443033355227875,0.04751759900783914,0.0776261533866723,-0.380847361284649,-0.3470266909316416,True,0.301526504376037,0.33195112793872555,0.5907634265650871,0.621204934367601,-0.3110055130454829,-0.2686467843080372,True,0.09300375132715885,0.1337846610967354,0.37769584554925884,0.41753276428628466,-0.3107743044367163,-0.2586441429140016,True
income_inequality,demo+attit,0.14703951970542578,0.5894062847028606,0.3978762333623175,-0.08436890942654376,-0.01717414180425899,0.0009154301684335567,0.12990137921135073,0.16355439324982407,0.047470238772463924,0.07777615849289432,-0.09823676287038442,-0.07123752866647891,True,0.5725909757811873,0.6056133134901253,0.5910999091426455,0.6216999516905775,-0.031638956158934965,-0.00370030604848843,True,0.3789237218738288,0.41703712371060603,0.3767011141635327,0.41752843804758233,-0.01604749162557574,0.01830548988288311,False
income_inequality,demo+attit+moral,0.13203713283606242,0.5989792369199759,0.4048475181435681,-0.06948670005201114,-0.007273407013011063,0.008280322345172963,0.11538359934361524,0.14837795946915103,0.04826823950586465,0.07697639346774117,-0.08521307679435088,-0.05381165362840502,True,0.5839145212984295,0.6149033314829426,0.5905125338956237,0.621547291973667,-0.02119829431966482,0.006713346249808361,False,0.38418568990899277,0.4251095581842143,0.3752441174735422,0.4176643382842185,-0.008895234616765202,0.027305905022720463,False
income_inequality,attit,0.10374586827990655,0.6022943951579112,0.40251560104880224,-0.04094500796624876,-0.004409662029770555,0.005230308551986419,0.08800746084371457,0.11857454685675647,0.047891528061873676,0.07800427399938213,-0.053013098508443386,-0.028438322575404636,True,0.5869652949063557,0.616925983789969,0.591118971502701,0.6218734549267918,-0.018303507076480634,0.009121305411928115,False,0.38243109663797126,0.42197039309830536,0.37733965576827383,0.4188490636251899,-0.012041638431197573,0.020906015190990408,False
income_inequality,attit+moral,0.11984734006988264,0.6090711158232157,0.41706817347133096,-0.05667752285166609,0.0028466657451435107,0.02039332532317188,0.10337842618831958,0.1376491985540035,0.048138239946269624,0.0782682771812675,-0.0716252787367991,-0.04150034066454957,True,0.5948949983064356,0.6236077875069743,0.5919347561888236,0.621646067877968,-0.010007380982659898,0.016391222929574647,False,0.398285913435086,0.43510478024122756,0.3757914446059412,0.41615878756522207,0.004099125116423546,0.03706511267839077,True
income_inequality,demo+moral,0.19754801925585236,0.4738015006385933,0.24830584988173507,-0.13482691533544575,-0.13264185817561733,-0.14839377682958022,0.1812502583361935,0.2131253246676398,0.047978365726978514,0.0771558764787127,-0.15360019502364639,-0.1160614489907587,True,0.4584517623018409,0.4895609996202739,0.5911302941690018,0.6221352075348461,-0.15158850732399756,-0.11362036100390122,True,0.22761235393331347,0.2688705135664745,0.37688989167614617,0.4175565159565298,-0.17337386219848902,-0.12469341168210903,True
income_inequality,moral,0.23590374342753917,0.46201984177561495,0.26819523396051753,-0.17333484887318895,-0.14418357275415844,-0.12800798330784846,0.22171725236165665,0.25029772757865193,0.04834380219658209,0.0769620250804099,-0.19411981795111055,-0.15266703299137666,True,0.4451829638650154,0.47824498935713505,0.5899961675480258,0.621637714711625,-0.16432456529348954,-0.12482292734047266,True,0.24870065913267328,0.28689263511641383,0.37654435303371925,0.416282593079816,-0.15112400855942676,-0.10446018324197759,True
